step,losses/eval.bodypart_heatmap,losses/eval.bodypart_locref,losses/eval.bodypart_total_loss,losses/eval.total_loss,losses/train.bodypart_heatmap,losses/train.bodypart_locref,losses/train.bodypart_total_loss,losses/train.total_loss,metrics/test.mAP,metrics/test.mAR,metrics/test.rmse,metrics/test.rmse_pcutoff
1,,,,,0.0005736934836022556,0.3029332756996155,0.00786017905920744,0.00786017905920744,,,,
2,,,,,0.00026501508546061814,0.11465241014957428,0.0029988177120685577,0.0029988177120685577,,,,
3,,,,,0.00019941467326134443,0.09364038705825806,0.002440716838464141,0.002440716838464141,,,,
4,,,,,0.00019121012883260846,0.08811921626329422,0.002298585372045636,0.002298585372045636,,,,
5,,,,,0.0001651518396101892,0.08148930221796036,0.0021198082249611616,0.0021198082249611616,,,,
6,,,,,0.00016333151143044233,0.07780786603689194,0.002026862697675824,0.002026862697675824,,,,
7,,,,,0.00015554690617136657,0.07512272894382477,0.0019558416679501534,0.0019558416679501534,,,,
8,,,,,0.00015078578144311905,0.07007960230112076,0.001827383297495544,0.001827383297495544,,,,
9,,,,,0.00014999645645730197,0.07634875923395157,0.0019837168511003256,0.0019837168511003256,,,,
10,0.00014332977298181504,0.08174093812704086,0.0021151883993297815,0.0021151883993297815,0.00014914794883225113,0.07519763708114624,0.0019545149989426136,0.0019545149989426136,93.41592016344491,95.0,17.625653076171876,17.7225871535967
11,,,,,0.0001457037142245099,0.06414471566677094,0.001676469692029059,0.001676469692029059,,,,
12,,,,,0.0001265812461497262,0.060575082898139954,0.0015776680083945394,0.0015776680083945394,,,,
13,,,,,0.0001243004371644929,0.06401986628770828,0.0016626474680379033,0.0016626474680379033,,,,
14,,,,,0.0001399547327309847,0.06175573915243149,0.0016138707287609577,0.0016138707287609577,,,,
15,,,,,0.00013959746866021305,0.060946978628635406,0.001593473250977695,0.001593473250977695,,,,
16,,,,,0.00011067867308156565,0.056890055537223816,0.0014775908784940839,0.0014775908784940839,,,,
17,,,,,0.00011001113307429478,0.05718418210744858,0.001484610023908317,0.001484610023908317,,,,
18,,,,,0.00012407793838065118,0.05883322283625603,0.0015328696463257074,0.0015328696463257074,,,,
19,,,,,0.00011347798863425851,0.05208604782819748,0.0013588903238996863,0.0013588903238996863,,,,
20,0.00013003269850742072,0.08638116717338562,0.002224545693024993,0.002224545693024993,0.00012388361210469157,0.05970463529229164,0.0015545575879514217,0.0015545575879514217,97.91157253377159,98.5,3.4579742431640623,3.4579742431640623
21,,,,,0.0001242201979039237,0.05482586473226547,0.0014327564276754856,0.0014327564276754856,,,,
22,,,,,0.00010958388156723231,0.05193161964416504,0.0013530823634937406,0.0013530823634937406,,,,
23,,,,,0.00011051082401536405,0.05111163854598999,0.0013330463552847505,0.0013330463552847505,,,,
24,,,,,0.00012832280481234193,0.05781340226531029,0.0015094962436705828,0.0015094962436705828,,,,
25,,,,,0.00011687361256917939,0.051820289343595505,0.0013539441861212254,0.0013539441861212254,,,,
26,,,,,0.0001080231522792019,0.04966380074620247,0.001295606722123921,0.001295606722123921,,,,
27,,,,,0.00010607583681121469,0.053537752479314804,0.0013914821902289987,0.0013914821902289987,,,,
28,,,,,0.00011100665869889781,0.051069315522909164,0.001332236104644835,0.001332236104644835,,,,
29,,,,,9.339061216451228e-05,0.04662773013114929,0.0012123883934691548,0.0012123883934691548,,,,
30,6.648786802543327e-05,0.06742515414953232,0.0017188728088513017,0.0017188728088513017,9.59539829636924e-05,0.047076620161533356,0.0012248927960172296,0.0012248927960172296,98.54785478547855,99.0,3.0449392318725588,3.0449392318725588
31,,,,,0.00010613539052428678,0.04853381589055061,0.0012664130190387368,0.0012664130190387368,,,,
32,,,,,0.00010068153642350808,0.051627423614263535,0.0013410263927653432,0.0013410263927653432,,,,
33,,,,,9.274513286072761e-05,0.046541836112737656,0.001209918293170631,0.001209918293170631,,,,
34,,,,,0.0001051126018865034,0.050999924540519714,0.0013275542296469212,0.0013275542296469212,,,,
35,,,,,9.45326974033378e-05,0.04715453460812569,0.0012261297088116407,0.0012261297088116407,,,,
36,,,,,0.00010564999683992937,0.0494520403444767,0.0012891261139884591,0.0012891261139884591,,,,
37,,,,,9.79702890617773e-05,0.04419560730457306,0.0011538752587512136,0.0011538752587512136,,,,
38,,,,,9.187351679429412e-05,0.04441777616739273,0.0011563812149688601,0.0011563812149688601,,,,
39,,,,,8.906111179385334e-05,0.04258393123745918,0.0011091288179159164,0.0011091288179159164,,,,
40,7.156548235798255e-05,0.076261505484581,0.0019423204939812422,0.0019423204939812422,9.328773739980534e-05,0.04689239338040352,0.0012189537519589067,0.0012189537519589067,97.67051705170516,98.5,3.22259521484375,3.22259521484375
41,,,,,0.00010424336505820975,0.04908810183405876,0.0012793239438906312,0.0012793239438906312,,,,
42,,,,,9.345455328002572e-05,0.04222632199525833,0.001102385576814413,0.001102385576814413,,,,
43,,,,,8.335585880558938e-05,0.0423109196126461,0.0010994509793817997,0.0010994509793817997,,,,
44,,,,,9.725099516799673e-05,0.046246036887168884,0.001204776344820857,0.001204776344820857,,,,
45,,,,,9.341161785414442e-05,0.04064047709107399,0.0010627176379784942,0.0010627176379784942,,,,
46,,,,,8.507302845828235e-05,0.04230855032801628,0.0011002502869814634,0.0011002502869814634,,,,
47,,,,,9.542783664073795e-05,0.04624953120946884,0.001203952357172966,0.001203952357172966,,,,
48,,,,,8.833502215566114e-05,0.04794443026185036,0.0012427782639861107,0.0012427782639861107,,,,
49,,,,,9.259970829589292e-05,0.04986688867211342,0.0012929721269756556,0.0012929721269756556,,,,
50,5.3415737056639045e-05,0.07065974920988083,0.001793201663531363,0.001793201663531363,8.650734525872394e-05,0.04265957325696945,0.0011097430251538754,0.0011097430251538754,97.67326732673267,98.5,3.046588134765625,3.046588134765625
51,,,,,9.183311340166256e-05,0.042292818427085876,0.0011032369220629334,0.0011032369220629334,,,,
52,,,,,9.484728798270226e-05,0.045677874237298965,0.0011893705232068896,0.0011893705232068896,,,,
53,,,,,8.444791455985978e-05,0.03861348330974579,0.001007560989819467,0.001007560989819467,,,,
54,,,,,8.777044422458857e-05,0.0395517461001873,0.001032679108902812,0.001032679108902812,,,,
55,,,,,9.132918785326183e-05,0.03844944387674332,0.0010069007985293865,0.0010069007985293865,,,,
56,,,,,8.505195728503168e-05,0.04128096625208855,0.0010745502077043056,0.0010745502077043056,,,,
57,,,,,8.988376794150099e-05,0.04381100833415985,0.001140217063948512,0.001140217063948512,,,,
58,,,,,8.512553904438391e-05,0.039797380566596985,0.0010374973062425852,0.0010374973062425852,,,,
59,,,,,8.438449003733695e-05,0.040112532675266266,0.0010450055124238133,0.0010450055124238133,,,,
60,6.094690252211876e-05,0.06281985342502594,0.0016009699320420623,0.0016009699320420623,8.965244342107326e-05,0.03904598206281662,0.0010209757601842284,0.0010209757601842284,98.87238723872387,99.0,2.9498880386352537,2.9498880386352537
61,,,,,8.607530617155135e-05,0.04053812474012375,0.0010564910480752587,0.0010564910480752587,,,,
62,,,,,8.315812010550871e-05,0.04232826456427574,0.001099785789847374,0.001099785789847374,,,,
63,,,,,9.273139585275203e-05,0.0391678512096405,0.0010255619417876005,0.0010255619417876005,,,,
64,,,,,0.00010046844545286149,0.04456377029418945,0.0011643285397440195,0.0011643285397440195,,,,
65,,,,,8.450497261947021e-05,0.04120039567351341,0.001072262297384441,0.001072262297384441,,,,
66,,,,,0.00010083091910928488,0.042350973933935165,0.0011091899359598756,0.0011091899359598756,,,,
67,,,,,8.464421989629045e-05,0.04251044988632202,0.0011050833854824305,0.0011050833854824305,,,,
68,,,,,8.56068218126893e-05,0.040540777146816254,0.001056322711519897,0.001056322711519897,,,,
69,,,,,8.463845733786002e-05,0.0390433669090271,0.0010184033308178186,0.0010184033308178186,,,,
70,6.418240809580311e-05,0.07083220779895782,0.001802896149456501,0.001802896149456501,8.63262903294526e-05,0.041740357875823975,0.0010866723023355007,0.0010866723023355007,98.82751433038041,99.0,3.398218536376953,3.398218536376953
71,,,,,8.203732431866229e-05,0.03651608154177666,0.0009539207676425576,0.0009539207676425576,,,,
72,,,,,7.858900062274188e-05,0.03830890357494354,0.000997016904875636,0.000997016904875636,,,,
73,,,,,8.674949640408158e-05,0.04100348800420761,0.0010684619192034006,0.0010684619192034006,,,,
74,,,,,8.498894021613523e-05,0.03603126481175423,0.0009432759834453464,0.0009432759834453464,,,,
75,,,,,7.816724973963574e-05,0.0403546467423439,0.0010479498887434602,0.0010479498887434602,,,,
76,,,,,8.887156582204625e-05,0.039866942912340164,0.0010411092080175877,0.0010411092080175877,,,,
77,,,,,7.403445488307625e-05,0.03992805629968643,0.0010352188255637884,0.0010352188255637884,,,,
78,,,,,8.217334834625944e-05,0.0387323796749115,0.0010093961609527469,0.0010093961609527469,,,,
79,,,,,7.86152741056867e-05,0.0382307730615139,0.0009950768435373902,0.0009950768435373902,,,,
80,4.9390277126803994e-05,0.06590620428323746,0.001672350219450891,0.001672350219450891,7.931039726827294e-05,0.03710285574197769,0.0009672266314737499,0.0009672266314737499,99.16336633663366,99.49999999999999,3.179078483581543,3.179078483581543
81,,,,,7.383173215202987e-05,0.03589516505599022,0.0009342949488200247,0.0009342949488200247,,,,
82,,,,,7.666456804145128e-05,0.03602321073412895,0.0009389125043526292,0.0009389125043526292,,,,
83,,,,,8.461539982818067e-05,0.03937128931283951,0.0010265900054946542,0.0010265900054946542,,,,
84,,,,,7.958991773193702e-05,0.036393921822309494,0.0009496429702267051,0.0009496429702267051,,,,
85,,,,,6.605494854738936e-05,0.03526449203491211,0.0009146397933363914,0.0009146397933363914,,,,
86,,,,,7.404583448078483e-05,0.03481015935540199,0.0009072768734768033,0.0009072768734768033,,,,
87,,,,,7.585027196910232e-05,0.03583706542849541,0.0009338518721051514,0.0009338518721051514,,,,
88,,,,,7.592209294671193e-05,0.03959931060671806,0.0010279437992721796,0.0010279437992721796,,,,
89,,,,,7.800262392265722e-05,0.03656459599733353,0.0009531162213534117,0.0009531162213534117,,,,
90,5.036278162151575e-05,0.060657601803541183,0.001541621400974691,0.001541621400974691,8.124854502966627e-05,0.03611013665795326,0.0009433776722289622,0.0009433776722289622,98.73762376237623,99.0,2.9815866470336916,2.9815866470336916
91,,,,,6.352231866912916e-05,0.032103512436151505,0.0008343489025719464,0.0008343489025719464,,,,
92,,,,,6.513073458336294e-05,0.02664024569094181,0.0006985715008340776,0.0006985715008340776,,,,
93,,,,,6.189732084749267e-05,0.027571607381105423,0.0007202388369478285,0.0007202388369478285,,,,
94,,,,,6.15612807450816e-05,0.02782290056347847,0.0007263531442731619,0.0007263531442731619,,,,
95,,,,,6.117785960668698e-05,0.02480810321867466,0.0006507915095426142,0.0006507915095426142,,,,
96,,,,,5.525126834982075e-05,0.025159019976854324,0.0006566010997630656,0.0006566010997630656,,,,
97,,,,,5.804025931865908e-05,0.02736108936369419,0.0007130472804419696,0.0007130472804419696,,,,
98,,,,,6.103470877860673e-05,0.02849087119102478,0.0007427890668623149,0.0007427890668623149,,,,
99,,,,,5.492635318660177e-05,0.02433026395738125,0.000635719858109951,0.000635719858109951,,,,
100,4.874604564975016e-05,0.05667758733034134,0.0014413126045837998,0.0014413126045837998,5.958648762316443e-05,0.02595609240233898,0.0006786957383155823,0.0006786957383155823,98.54785478547855,99.0,2.8310638427734376,2.8310638427734376
101,,,,,5.861740646651015e-05,0.02641686238348484,0.0006897302810102701,0.0006897302810102701,,,,
102,,,,,5.7381617807550356e-05,0.02682366594672203,0.0006992825074121356,0.0006992825074121356,,,,
103,,,,,5.675484862877056e-05,0.02500138059258461,0.0006534119602292776,0.0006534119602292776,,,,
104,,,,,5.872570545761846e-05,0.025734979659318924,0.000672737427521497,0.000672737427521497,,,,
105,,,,,5.390448131947778e-05,0.02343379519879818,0.0006127972155809402,0.0006127972155809402,,,,
106,,,,,4.991231253370643e-05,0.023662785068154335,0.0006165257655084133,0.0006165257655084133,,,,
107,,,,,5.463766501634382e-05,0.02553868107497692,0.0006657858029939234,0.0006657858029939234,,,,
108,,,,,5.630034866044298e-05,0.024268774315714836,0.000634869618806988,0.000634869618806988,,,,
109,,,,,5.598626739811152e-05,0.025212561711668968,0.0006583071663044393,0.0006583071663044393,,,,
110,5.315145244821906e-05,0.05698862671852112,0.0014512913767248392,0.0014512913767248392,5.070077895652503e-05,0.023255424574017525,0.0006067360518500209,0.0006067360518500209,98.76787678767876,99.0,2.7646949768066404,2.7646949768066404
111,,,,,5.230990063864738e-05,0.02300190180540085,0.0006012024823576212,0.0006012024823576212,,,,
112,,,,,5.32273443241138e-05,0.024329492822289467,0.0006348510505631566,0.0006348510505631566,,,,
113,,,,,4.737874769489281e-05,0.022410621866583824,0.0005839549703523517,0.0005839549703523517,,,,
114,,,,,5.7117977121379226e-05,0.025488916784524918,0.0006657819030806422,0.0006657819030806422,,,,
115,,,,,5.0811962864827365e-05,0.023062819615006447,0.0006019765278324485,0.0006019765278324485,,,,
116,,,,,5.262802369543351e-05,0.02158866822719574,0.0005660306778736413,0.0005660306778736413,,,,
117,,,,,5.706846422981471e-05,0.023544134572148323,0.0006171375862322748,0.0006171375862322748,,,,
118,,,,,5.075720764580183e-05,0.021790890023112297,0.000570150907151401,0.000570150907151401,,,,
119,,,,,4.4976171921007335e-05,0.020513541996479034,0.0005353266606107354,0.0005353266606107354,,,,
120,5.2114173740847036e-05,0.05815358832478523,0.0014798969496041536,0.0014798969496041536,4.882529901806265e-05,0.022676153108477592,0.0005913164932280779,0.0005913164932280779,98.67656765676568,99.0,2.838105392456055,2.838105392456055
121,,,,,5.211144161876291e-05,0.023313969373703003,0.0006089049275033176,0.0006089049275033176,,,,
122,,,,,4.7340225137304515e-05,0.021058740094304085,0.0005501385312527418,0.0005501385312527418,,,,
123,,,,,4.952644667355344e-05,0.02170056663453579,0.0005672773695550859,0.0005672773695550859,,,,
124,,,,,5.058307579020038e-05,0.02083079144358635,0.0005460613174363971,0.0005460613174363971,,,,
125,,,,,5.24964343640022e-05,0.022696003317832947,0.0005936482921242714,0.0005936482921242714,,,,
126,,,,,5.179618892725557e-05,0.021896935999393463,0.0005733215948566794,0.0005733215948566794,,,,
127,,,,,5.2672596211778e-05,0.021751072257757187,0.0005701131303794682,0.0005701131303794682,,,,
128,,,,,4.7451656428165734e-05,0.021258465945720673,0.0005551874055527151,0.0005551874055527151,,,,
129,,,,,5.239293386694044e-05,0.02204110100865364,0.000577224011067301,0.000577224011067301,,,,
130,5.46016963198781e-05,0.057077668607234955,0.001454242505133152,0.001454242505133152,4.9195110477739945e-05,0.021257048472762108,0.0005560238496400416,0.0005560238496400416,98.70957095709572,99.0,2.8057134628295897,2.8057134628295897
131,,,,,4.598666782840155e-05,0.021077578887343407,0.0005499327671714127,0.0005499327671714127,,,,
132,,,,,5.309479820425622e-05,0.020496198907494545,0.0005389523576013744,0.0005389523576013744,,,,
133,,,,,3.9941522118169814e-05,0.02023603580892086,0.0005258716410025954,0.0005258716410025954,,,,
134,,,,,4.5143104216549546e-05,0.0213003009557724,0.000555079139303416,0.000555079139303416,,,,
135,,,,,4.7318135329987854e-05,0.019514890387654305,0.0005115314270369709,0.0005115314270369709,,,,
136,,,,,5.419236185844056e-05,0.021363014355301857,0.0005611715605482459,0.0005611715605482459,,,,
137,,,,,4.846762021770701e-05,0.024960946291685104,0.0006482574972324073,0.0006482574972324073,,,,
138,,,,,5.085019438411109e-05,0.020143017172813416,0.000529000535607338,0.000529000535607338,,,,
139,,,,,5.267402593744919e-05,0.022193294018507004,0.0005811693263240159,0.0005811693263240159,,,,
140,5.493890057550743e-05,0.057177383452653885,0.0014569039922207594,0.0014569039922207594,5.006858555134386e-05,0.021890487521886826,0.0005722964415326715,0.0005722964415326715,98.70704717530577,99.0,2.801305961608887,2.801305961608887
141,,,,,5.013974805478938e-05,0.020714327692985535,0.000542928057257086,0.000542928057257086,,,,
142,,,,,5.0329341320320964e-05,0.022520197555422783,0.000588169670663774,0.000588169670663774,,,,
143,,,,,5.450739627121948e-05,0.02265339531004429,0.0005935885710641742,0.0005935885710641742,,,,
144,,,,,5.4220316087594256e-05,0.021327784284949303,0.0005603047902695835,0.0005603047902695835,,,,
145,,,,,4.6004235628060997e-05,0.019138172268867493,0.0005014564376324415,0.0005014564376324415,,,,
146,,,,,4.6601042413385585e-05,0.02033059112727642,0.0005315653397701681,0.0005315653397701681,,,,
147,,,,,4.8368114221375436e-05,0.02074272744357586,0.0005427521537058055,0.0005427521537058055,,,,
148,,,,,4.416336741996929e-05,0.020362136885523796,0.0005311351851560175,0.0005311351851560175,,,,
149,,,,,4.676243042922579e-05,0.01959979347884655,0.0005133760278113186,0.0005133760278113186,,,,
150,5.501417399500497e-05,0.05720023065805435,0.0014575128443539143,0.0014575128443539143,4.983473991160281e-05,0.020621297881007195,0.0005404498660936952,0.0005404498660936952,98.82288228822883,99.0,2.797782135009766,2.797782135009766
151,,,,,4.730800719698891e-05,0.019290165975689888,0.0005059082177467644,0.0005059082177467644,,,,
152,,,,,4.617345621227287e-05,0.02185913547873497,0.0005695651052519679,0.0005695651052519679,,,,
153,,,,,4.6942699555074796e-05,0.020173607394099236,0.0005278115859255195,0.0005278115859255195,,,,
154,,,,,5.238828816800378e-05,0.020881393924355507,0.0005482290289364755,0.0005482290289364755,,,,
155,,,,,5.24119968758896e-05,0.02063104324042797,0.0005419821245595813,0.0005419821245595813,,,,
156,,,,,5.124435847392306e-05,0.021563522517681122,0.0005647102370858192,0.0005647102370858192,,,,
157,,,,,4.745929254568182e-05,0.02044573239982128,0.0005348730483092368,0.0005348730483092368,,,,
158,,,,,5.188537761569023e-05,0.01885075494647026,0.000497211585752666,0.000497211585752666,,,,
159,,,,,4.7062836529221386e-05,0.01894937828183174,0.0004972659517079592,0.0004972659517079592,,,,
160,5.4663898481521755e-05,0.056790269911289215,0.0014470887836068869,0.0014470887836068869,4.5902201236458495e-05,0.019833939149975777,0.0005187995848245919,0.0005187995848245919,98.70668316831683,99.0,2.779996871948242,2.779996871948242
161,,,,,4.716901094070636e-05,0.021237509325146675,0.0005545222666114569,0.0005545222666114569,,,,
162,,,,,4.501735384110361e-05,0.01957004703581333,0.0005117598338983953,0.0005117598338983953,,,,
163,,,,,5.4905111028347164e-05,0.021593114361166954,0.0005672803963534534,0.0005672803963534534,,,,
164,,,,,5.082078496343456e-05,0.02109731175005436,0.000552843208424747,0.000552843208424747,,,,
165,,,,,5.30684701516293e-05,0.019821543246507645,0.0005220728344283998,0.0005220728344283998,,,,
166,,,,,4.783985423273407e-05,0.020573021844029427,0.0005382455419749022,0.0005382455419749022,,,,
167,,,,,5.218626756686717e-05,0.021975012496113777,0.0005754684680141509,0.0005754684680141509,,,,
168,,,,,4.645691660698503e-05,0.020337777212262154,0.0005316729075275362,0.0005316729075275362,,,,
169,,,,,4.349921800894663e-05,0.01856815814971924,0.00048595358384773135,0.00048595358384773135,,,,
170,5.3765550546813756e-05,0.05713217332959175,0.0014551873318850994,0.0014551873318850994,4.882728535449132e-05,0.021822581067681313,0.0005699782050214708,0.0005699782050214708,98.7361677344205,99.0,2.834353446960449,2.834353446960449
171,,,,,4.26045990025159e-05,0.019249210134148598,0.0005025325226597488,0.0005025325226597488,,,,
172,,,,,4.59186703665182e-05,0.01889018900692463,0.0004952140734530985,0.0004952140734530985,,,,
173,,,,,4.9872596719069406e-05,0.0197807215154171,0.0005194543045945466,0.0005194543045945466,,,,
174,,,,,4.778714355779812e-05,0.020101288333535194,0.0005264257779344916,0.0005264257779344916,,,,
175,,,,,4.806176366400905e-05,0.02030501514673233,0.0005316562601365149,0.0005316562601365149,,,,
176,,,,,4.927565896650776e-05,0.020101385191082954,0.0005271724658086896,0.0005271724658086896,,,,
177,,,,,4.647826062864624e-05,0.02098596654832363,0.0005478882812894881,0.0005478882812894881,,,,
178,,,,,5.215722922002897e-05,0.02159913256764412,0.0005660569295287132,0.0005660569295287132,,,,
179,,,,,4.550354424281977e-05,0.02091924101114273,0.0005457327933982015,0.0005457327933982015,,,,
180,5.426945790532045e-05,0.05700218677520752,0.0014521892881020904,0.0014521892881020904,4.704010643763468e-05,0.019042998552322388,0.0004995950148440897,0.0004995950148440897,98.70668316831683,99.0,2.814366912841797,2.814366912841797
181,,,,,4.792869367520325e-05,0.019702434539794922,0.00051652523688972,0.00051652523688972,,,,
182,,,,,4.399532554089092e-05,0.019948747009038925,0.0005207163630984724,0.0005207163630984724,,,,
183,,,,,4.804761192644946e-05,0.02173120155930519,0.0005673038540408015,0.0005673038540408015,,,,
184,,,,,4.3107938836328685e-05,0.019598092883825302,0.0005115063395351171,0.0005115063395351171,,,,
185,,,,,5.066208177595399e-05,0.019354727119207382,0.000509199220687151,0.000509199220687151,,,,
186,,,,,4.652926145354286e-05,0.021234769374132156,0.0005541339050978422,0.0005541339050978422,,,,
187,,,,,4.563289985526353e-05,0.01998451165854931,0.000522429239936173,0.000522429239936173,,,,
188,,,,,4.6857527195243165e-05,0.020258793607354164,0.0005298986216075718,0.0005298986216075718,,,,
189,,,,,5.000496457796544e-05,0.020129647105932236,0.0005282436613924801,0.0005282436613924801,,,,
190,5.501200939761475e-05,0.05808679386973381,0.0014796758769080043,0.0014796758769080043,4.763696051668376e-05,0.01956915482878685,0.0005130473873578012,0.0005130473873578012,98.79537953795379,99.0,2.845181465148926,2.845181465148926
191,,,,,4.3968546378891915e-05,0.02103366330265999,0.0005478258244693279,0.0005478258244693279,,,,
192,,,,,4.9175396270584315e-05,0.021195705980062485,0.0005544803570955992,0.0005544803570955992,,,,
193,,,,,4.761873060488142e-05,0.020661791786551476,0.0005403542309068143,0.0005403542309068143,,,,
194,,,,,5.0601662223925814e-05,0.02051186002790928,0.0005380973452702165,0.0005380973452702165,,,,
195,,,,,5.0227965402882546e-05,0.0202498622238636,0.0005313605070114136,0.0005313605070114136,,,,
196,,,,,4.6174511226126924e-05,0.021044155582785606,0.0005491911433637142,0.0005491911433637142,,,,
197,,,,,4.9346519517712295e-05,0.019878143444657326,0.0005216269055381417,0.0005216269055381417,,,,
198,,,,,4.926725523546338e-05,0.020178785547614098,0.0005291032721288502,0.0005291032721288502,,,,
199,,,,,5.072445492260158e-05,0.02051321603357792,0.0005381926312111318,0.0005381926312111318,,,,
200,5.470394535223022e-05,0.05692658945918083,0.0014505167491734028,0.0014505167491734028,5.088329271529801e-05,0.020264115184545517,0.0005320445052348077,0.0005320445052348077,98.77540385617509,99.0,2.8222814559936524,2.8222814559936524
201,,,,,5.2273739129304886e-05,0.021119868382811546,0.0005541336140595376,0.0005541336140595376,,,,
202,,,,,4.602685658028349e-05,0.01943170465528965,0.0005088060279376805,0.0005088060279376805,,,,
203,,,,,5.465831782203168e-05,0.021684732288122177,0.0005694475257769227,0.0005694475257769227,,,,
204,,,,,5.0851940613938496e-05,0.020839300006628036,0.0005464084097184241,0.0005464084097184241,,,,
205,,,,,5.498913014889695e-05,0.024180825799703598,0.0006320152315311134,0.0006320152315311134,,,,
206,,,,,4.8104549932759255e-05,0.020992456004023552,0.000548863725271076,0.000548863725271076,,,,
207,,,,,4.425219231052324e-05,0.019075950607657433,0.0004990248125977814,0.0004990248125977814,,,,
208,,,,,4.750848893309012e-05,0.02010873332619667,0.000526472635101527,0.000526472635101527,,,,
209,,,,,4.6471861423924565e-05,0.021062947809696198,0.0005498096579685807,0.0005498096579685807,,,,
210,5.417579086497426e-05,0.056646786630153656,0.0014432575553655624,0.0014432575553655624,5.279148172121495e-05,0.020627832040190697,0.0005420915549620986,0.0005420915549620986,98.80145909327774,99.0,2.8108081817626953,2.8108081817626953
211,,,,,4.9397331167710945e-05,0.020244378596544266,0.0005308081163093448,0.0005308081163093448,,,,
212,,,,,5.8156940212938935e-05,0.022723451256752014,0.0005971647915430367,0.0005971647915430367,,,,
213,,,,,4.2384206608403474e-05,0.018607066944241524,0.0004863687790930271,0.0004863687790930271,,,,
214,,,,,5.0375459977658466e-05,0.020302455872297287,0.0005327491671778262,0.0005327491671778262,,,,
215,,,,,5.1821501983795315e-05,0.020972909405827522,0.0005502334679476917,0.0005502334679476917,,,,
216,,,,,5.406154741649516e-05,0.020925693213939667,0.0005501731648109853,0.0005501731648109853,,,,
217,,,,,4.5901022531325e-05,0.01821235567331314,0.0004782593750860542,0.0004782593750860542,,,,
218,,,,,4.4817956222686917e-05,0.020619964227080345,0.000537907995749265,0.000537907995749265,,,,
219,,,,,4.805032585863955e-05,0.01900237239897251,0.0004990844754502177,0.0004990844754502177,,,,
220,5.301485725794919e-05,0.0570550337433815,0.0014528831234201789,0.0014528831234201789,4.5032174966763705e-05,0.01846097968518734,0.00048404058907181025,0.00048404058907181025,98.80145909327774,99.0,2.8070974349975586,2.8070974349975586
221,,,,,4.8605972551740706e-05,0.020343126729130745,0.0005328812403604388,0.0005328812403604388,,,,
222,,,,,4.295547478250228e-05,0.020948316901922226,0.0005451856413856149,0.0005451856413856149,,,,
223,,,,,4.8899408284341916e-05,0.020371312275528908,0.0005337325274012983,0.0005337325274012983,,,,
224,,,,,4.5617973228218034e-05,0.0198762696236372,0.0005197157151997089,0.0005197157151997089,,,,
225,,,,,4.827988595934585e-05,0.020252417773008347,0.0005304503720253706,0.0005304503720253706,,,,
226,,,,,4.668398469220847e-05,0.019441697746515274,0.0005093844374641776,0.0005093844374641776,,,,
227,,,,,4.591623292071745e-05,0.019866665825247765,0.0005196247948333621,0.0005196247948333621,,,,
228,,,,,4.561834430205636e-05,0.019178736954927444,0.0005022775148972869,0.0005022775148972869,,,,
229,,,,,5.0642142014112324e-05,0.022821743041276932,0.0005958647234365344,0.0005958647234365344,,,,
230,5.241853796178475e-05,0.05660111829638481,0.0014412374002858996,0.0014412374002858996,4.76157947559841e-05,0.018648257479071617,0.0004900143248960376,0.0004900143248960376,98.82751433038041,99.0,2.804203414916992,2.804203414916992
231,,,,,4.120653829886578e-05,0.018534136936068535,0.000483956653624773,0.000483956653624773,,,,
232,,,,,4.971697126165964e-05,0.020632807165384293,0.0005406787386164069,0.0005406787386164069,,,,
233,,,,,4.534496838459745e-05,0.020461833104491234,0.0005342183285392821,0.0005342183285392821,,,,
234,,,,,4.626808731700294e-05,0.01875215955078602,0.0004919380298815668,0.0004919380298815668,,,,
235,,,,,4.946142144035548e-05,0.020641885697841644,0.0005407778662629426,0.0005407778662629426,,,,
236,,,,,4.344270200817846e-05,0.019252736121416092,0.0005030396860092878,0.0005030396860092878,,,,
237,,,,,4.940847429679707e-05,0.020215267315506935,0.0005300858174450696,0.0005300858174450696,,,,
238,,,,,4.5734581362921745e-05,0.019933242350816727,0.0005211983225308359,0.0005211983225308359,,,,
239,,,,,4.6626086259493604e-05,0.019268307834863663,0.0005050206673331559,0.0005050206673331559,,,,
240,5.271421468933113e-05,0.05688920617103577,0.0014485872816294432,0.0014485872816294432,4.8207388317678124e-05,0.018889067694544792,0.0004963303217664361,0.0004963303217664361,98.82751433038041,99.0,2.8172183990478517,2.8172183990478517
241,,,,,4.9527010560268536e-05,0.019778139889240265,0.0005192169337533414,0.0005192169337533414,,,,
242,,,,,4.822874325327575e-05,0.019592097029089928,0.0005139167769812047,0.0005139167769812047,,,,
243,,,,,4.516730768955313e-05,0.01990899257361889,0.0005203084438107908,0.0005203084438107908,,,,
244,,,,,4.202571290079504e-05,0.017966927960515022,0.0004701859725173563,0.0004701859725173563,,,,
245,,,,,4.51419000455644e-05,0.020177055150270462,0.000526997318957001,0.000526997318957001,,,,
246,,,,,4.52513741038274e-05,0.020872188732028008,0.0005444303969852626,0.0005444303969852626,,,,
247,,,,,4.4455297029344365e-05,0.01880047470331192,0.0004922394291497767,0.0004922394291497767,,,,
248,,,,,4.150372842559591e-05,0.019370852038264275,0.0005050231702625751,0.0005050231702625751,,,,
249,,,,,5.000589953851886e-05,0.019388465210795403,0.0005097145331092179,0.0005097145331092179,,,,
250,5.202485408517532e-05,0.056967295706272125,0.0014501947443932295,0.0014501947443932295,4.874814840150066e-05,0.018791792914271355,0.0004941690131090581,0.0004941690131090581,98.85356956748306,99.0,2.825329399108887,2.825329399108887
251,,,,,4.578693915391341e-05,0.018999435007572174,0.0004978793440386653,0.0004978793440386653,,,,
252,,,,,3.956265209126286e-05,0.018700864166021347,0.0004873028374277055,0.0004873028374277055,,,,
253,,,,,4.889695628662594e-05,0.019921278581023216,0.0005224805790930986,0.0005224805790930986,,,,
254,,,,,5.042551856604405e-05,0.020589768886566162,0.0005399569636210799,0.0005399569636210799,,,,
255,,,,,4.1542487451806664e-05,0.018435586243867874,0.00048166088527068496,0.00048166088527068496,,,,
256,,,,,5.452293771668337e-05,0.02094004489481449,0.000550762633793056,0.000550762633793056,,,,
257,,,,,4.9723992560757324e-05,0.02003086544573307,0.0005256335716694593,0.0005256335716694593,,,,
258,,,,,4.659248952521011e-05,0.018430907279253006,0.0004840689362026751,0.0004840689362026751,,,,
259,,,,,4.658729812945239e-05,0.018796969205141068,0.0004932178999297321,0.0004932178999297321,,,,
260,5.143308226251975e-05,0.05772325396537781,0.0014687979128211737,0.0014687979128211737,4.042900400236249e-05,0.01859200932085514,0.0004850146942771971,0.0004850146942771971,98.74934861907244,99.0,2.8269777297973633,2.8269777297973633
261,,,,,4.760517185786739e-05,0.020662490278482437,0.0005403649411164224,0.0005403649411164224,,,,
262,,,,,4.57171154266689e-05,0.019652968272566795,0.0005141827277839184,0.0005141827277839184,,,,
263,,,,,4.736745177069679e-05,0.01973547786474228,0.0005170706426724792,0.0005170706426724792,,,,
264,,,,,4.1748247895156965e-05,0.0182883832603693,0.0004780837334692478,0.0004780837334692478,,,,
265,,,,,4.489216735237278e-05,0.01804099604487419,0.00047347103827632964,0.00047347103827632964,,,,
266,,,,,4.458199691725895e-05,0.018901320174336433,0.0004948239657096565,0.0004948239657096565,,,,
267,,,,,4.692400761996396e-05,0.018782487139105797,0.0004930241848342121,0.0004930241848342121,,,,
268,,,,,4.26332771894522e-05,0.019861899316310883,0.0005178641295060515,0.0005178641295060515,,,,
269,,,,,4.770253144670278e-05,0.018792809918522835,0.0004936715122312307,0.0004936715122312307,,,,
270,5.203103137318976e-05,0.05767822265625,0.0014679712476208806,0.0014679712476208806,4.465180609258823e-05,0.018775543197989464,0.0004917143960483372,0.0004917143960483372,98.69723814486711,99.0,2.8166168212890623,2.8166168212890623
271,,,,,4.741451994050294e-05,0.01936112716794014,0.00050773547263816,0.00050773547263816,,,,
272,,,,,4.617108061211184e-05,0.02000732347369194,0.0005232685944065452,0.0005232685944065452,,,,
273,,,,,4.7967812861315906e-05,0.01958642154932022,0.0005136445397511125,0.0005136445397511125,,,,
274,,,,,4.5816690544597805e-05,0.019541654735803604,0.0005114497616887093,0.0005114497616887093,,,,
275,,,,,4.6882996684871614e-05,0.018999557942152023,0.0004984303959645331,0.0004984303959645331,,,,
276,,,,,4.22066223109141e-05,0.019163988530635834,0.0005002029938623309,0.0005002029938623309,,,,
277,,,,,4.4876574975205585e-05,0.019128674641251564,0.0005006552091799676,0.0005006552091799676,,,,
278,,,,,4.964379331795499e-05,0.019297488033771515,0.0005072590429335833,0.0005072590429335833,,,,
279,,,,,4.709636414190754e-05,0.02013356052339077,0.0005268872482702136,0.0005268872482702136,,,,
280,5.262052218313329e-05,0.057159148156642914,0.0014552889624610543,0.0014552889624610543,4.633524076780304e-05,0.02014649100601673,0.0005268299137242138,0.0005268299137242138,98.74037403740374,99.0,2.8068222045898437,2.8068222045898437
281,,,,,4.248997720424086e-05,0.016425548121333122,0.0004318836727179587,0.0004318836727179587,,,,
282,,,,,4.540108784567565e-05,0.018202027305960655,0.0004777512513101101,0.0004777512513101101,,,,
283,,,,,4.6146087697707117e-05,0.020451977849006653,0.0005343725788407028,0.0005343725788407028,,,,
284,,,,,4.697935946751386e-05,0.019421741366386414,0.0005090332706458867,0.0005090332706458867,,,,
285,,,,,4.563558832160197e-05,0.020117729902267456,0.0005257611046545208,0.0005257611046545208,,,,
286,,,,,4.427374369697645e-05,0.020747901871800423,0.0005408345023170114,0.0005408345023170114,,,,
287,,,,,4.378843368613161e-05,0.019575797021389008,0.000511289166752249,0.000511289166752249,,,,
288,,,,,4.599540261551738e-05,0.01957826502621174,0.0005124543677084148,0.0005124543677084148,,,,
289,,,,,4.077085031894967e-05,0.018280062824487686,0.000477387075079605,0.000477387075079605,,,,
290,5.36921143066138e-05,0.057629603892564774,0.001467586145736277,0.001467586145736277,4.547407297650352e-05,0.019279975444078445,0.0005047364393249154,0.0005047364393249154,98.67986798679868,99.0,2.832245635986328,2.832245635986328
291,,,,,4.322402674006298e-05,0.018294349312782288,0.00047897076001390815,0.00047897076001390815,,,,
292,,,,,4.332745083956979e-05,0.016502493992447853,0.00043422606540843844,0.00043422606540843844,,,,
293,,,,,4.396046278998256e-05,0.020351380109786987,0.0005307647516019642,0.0005307647516019642,,,,
294,,,,,4.5578668505186215e-05,0.018297892063856125,0.0004802366893272847,0.0004802366893272847,,,,
295,,,,,4.2321586079197004e-05,0.01920872926712036,0.0005013790214434266,0.0005013790214434266,,,,
296,,,,,4.410457404446788e-05,0.017991067841649055,0.00047182897105813026,0.00047182897105813026,,,,
297,,,,,4.519390859059058e-05,0.018954047933220863,0.0004964483086951077,0.0004964483086951077,,,,
298,,,,,4.7155477659543976e-05,0.017739390954375267,0.00046706246212124825,0.00046706246212124825,,,,
299,,,,,4.818066008738242e-05,0.018708238378167152,0.0004917961778119206,0.0004917961778119206,,,,
300,5.2330731705296785e-05,0.057659100741147995,0.0014676429564133286,0.0014676429564133286,4.509250356932171e-05,0.019067198038101196,0.000499226211104542,0.000499226211104542,98.85038503850384,99.0,2.831086349487305,2.831086349487305
301,,,,,4.824593634111807e-05,0.020653774961829185,0.0005404672701843083,0.0005404672701843083,,,,
302,,,,,5.377067645895295e-05,0.020189547911286354,0.0005316240130923688,0.0005316240130923688,,,,
303,,,,,4.541379530564882e-05,0.020743368193507195,0.0005412910832092166,0.0005412910832092166,,,,
304,,,,,4.4537744543049484e-05,0.020040107890963554,0.0005232716794125736,0.0005232716794125736,,,,
305,,,,,4.5120075810700655e-05,0.018038731068372726,0.0004735284310299903,0.0004735284310299903,,,,
306,,,,,4.9525711801834404e-05,0.020340343937277794,0.0005332714063115418,0.0005332714063115418,,,,
307,,,,,4.456373062566854e-05,0.020396355539560318,0.0005321906646713614,0.0005321906646713614,,,,
308,,,,,4.4679982238449156e-05,0.019061535596847534,0.000498878420330584,0.000498878420330584,,,,
309,,,,,4.539358269539662e-05,0.02033529058098793,0.0005310791311785579,0.0005310791311785579,,,,
310,5.140082066645846e-05,0.05703558772802353,0.0014515903312712908,0.0014515903312712908,4.490385254030116e-05,0.018634960055351257,0.0004883259534835815,0.0004883259534835815,98.85038503850384,99.0,2.8050205230712892,2.8050205230712892
311,,,,,4.1257342672906816e-05,0.019225578755140305,0.0005012681940570474,0.0005012681940570474,,,,
312,,,,,4.0294675272889435e-05,0.017491590231657028,0.00045743712689727545,0.00045743712689727545,,,,
313,,,,,4.5811575546395034e-05,0.017637379467487335,0.00046384026063606143,0.00046384026063606143,,,,
314,,,,,4.940349390381016e-05,0.020431943237781525,0.0005355002940632403,0.0005355002940632403,,,,
315,,,,,4.877472383668646e-05,0.018498800694942474,0.0004868572868872434,0.0004868572868872434,,,,
316,,,,,4.344822809798643e-05,0.018648073077201843,0.0004879259504377842,0.0004879259504377842,,,,
317,,,,,4.400007310323417e-05,0.017948832362890244,0.00047072081360965967,0.00047072081360965967,,,,
318,,,,,4.379920937935822e-05,0.019997447729110718,0.0005218358128331602,0.0005218358128331602,,,,
319,,,,,4.402538252179511e-05,0.017862992361187935,0.00046858747373335063,0.00046858747373335063,,,,
320,5.1827355491695926e-05,0.05747088044881821,0.001462685875594616,0.001462685875594616,4.249997073202394e-05,0.01764688268303871,0.00046242211828939617,0.00046242211828939617,98.80145909327774,99.0,2.823771286010742,2.823771286010742
